[{"model": "admin.logentry", "pk": 1, "fields": {"action_time": "2025-07-14T02:27:01.330Z", "user": 2, "content_type": 8, "object_id": "3", "object_repr": "fulano", "action_flag": 1, "change_message": "[{\"added\": {}}]"}}, {"model": "admin.logentry", "pk": 2, "fields": {"action_time": "2025-07-14T02:27:37.703Z", "user": 2, "content_type": 8, "object_id": "4", "object_repr": "ciclano", "action_flag": 1, "change_message": "[{\"added\": {}}]"}}, {"model": "admin.logentry", "pk": 3, "fields": {"action_time": "2025-07-14T02:37:38.281Z", "user": 2, "content_type": 7, "object_id": "1", "object_repr": "Um cliente tem duas opções para investir R$ 100.00", "action_flag": 1, "change_message": "[{\"added\": {}}]"}}, {"model": "admin.logentry", "pk": 4, "fields": {"action_time": "2025-07-14T02:42:00.575Z", "user": 2, "content_type": 10, "object_id": "1", "object_repr": "624,00", "action_flag": 1, "change_message": "[{\"added\": {}}]"}}, {"model": "admin.logentry", "pk": 5, "fields": {"action_time": "2025-07-14T02:42:29.754Z", "user": 2, "content_type": 10, "object_id": "2", "object_repr": "4.440,00", "action_flag": 1, "change_message": "[{\"added\": {}}]"}}, {"model": "admin.logentry", "pk": 6, "fields": {"action_time": "2025-07-14T02:42:43.528Z", "user": 2, "content_type": 10, "object_id": "3", "object_repr": "824,00", "action_flag": 1, "change_message": "[{\"added\": {}}]"}}, {"model": "admin.logentry", "pk": 7, "fields": {"action_time": "2025-07-14T02:42:57.983Z", "user": 2, "content_type": 10, "object_id": "4", "object_repr": "2.940,00", "action_flag": 1, "change_message": "[{\"added\": {}}]"}}, {"model": "admin.logentry", "pk": 8, "fields": {"action_time": "2025-07-14T02:43:12.236Z", "user": 2, "content_type": 10, "object_id": "5", "object_repr": "1.524,00", "action_flag": 1, "change_message": "[{\"added\": {}}]"}}, {"model": "admin.logentry", "pk": 9, "fields": {"action_time": "2025-07-14T02:44:06.877Z", "user": 2, "content_type": 7, "object_id": "2", "object_repr": "Um banco oferece para um cliente um investimento q", "action_flag": 1, "change_message": "[{\"added\": {}}]"}}, {"model": "admin.logentry", "pk": 10, "fields": {"action_time": "2025-07-14T02:46:26.497Z", "user": 2, "content_type": 10, "object_id": "6", "object_repr": "47,42%", "action_flag": 1, "change_message": "[{\"added\": {}}]"}}, {"model": "admin.logentry", "pk": 11, "fields": {"action_time": "2025-07-14T02:46:44.468Z", "user": 2, "content_type": 10, "object_id": "7", "object_repr": "36,00%", "action_flag": 1, "change_message": "[{\"added\": {}}]"}}, {"model": "admin.logentry", "pk": 12, "fields": {"action_time": "2025-07-14T02:47:07.770Z", "user": 2, "content_type": 10, "object_id": "8", "object_repr": "12,68%", "action_flag": 1, "change_message": "[{\"added\": {}}]"}}, {"model": "admin.logentry", "pk": 13, "fields": {"action_time": "2025-07-14T02:47:22.926Z", "user": 2, "content_type": 10, "object_id": "9", "object_repr": "48,68%", "action_flag": 1, "change_message": "[{\"added\": {}}]"}}, {"model": "admin.logentry", "pk": 14, "fields": {"action_time": "2025-07-14T02:47:41.745Z", "user": 2, "content_type": 10, "object_id": "10", "object_repr": "60,10%", "action_flag": 1, "change_message": "[{\"added\": {}}]"}}, {"model": "admin.logentry", "pk": 15, "fields": {"action_time": "2025-07-14T02:53:22.763Z", "user": 2, "content_type": 7, "object_id": "3", "object_repr": "O capital de um cliente do segmento ultra-especial", "action_flag": 1, "change_message": "[{\"added\": {}}]"}}, {"model": "admin.logentry", "pk": 16, "fields": {"action_time": "2025-07-14T02:56:39.215Z", "user": 2, "content_type": 10, "object_id": "11", "object_repr": "800.000,00", "action_flag": 1, "change_message": "[{\"added\": {}}]"}}, {"model": "admin.logentry", "pk": 17, "fields": {"action_time": "2025-07-14T02:56:51.248Z", "user": 2, "content_type": 10, "object_id": "12", "object_repr": "950.000,00", "action_flag": 1, "change_message": "[{\"added\": {}}]"}}, {"model": "admin.logentry", "pk": 18, "fields": {"action_time": "2025-07-14T02:57:01.290Z", "user": 2, "content_type": 10, "object_id": "13", "object_repr": "450.000,00", "action_flag": 1, "change_message": "[{\"added\": {}}]"}}, {"model": "admin.logentry", "pk": 19, "fields": {"action_time": "2025-07-14T02:57:25.086Z", "user": 2, "content_type": 10, "object_id": "14", "object_repr": "700.000,00", "action_flag": 1, "change_message": "[{\"added\": {}}]"}}, {"model": "admin.logentry", "pk": 20, "fields": {"action_time": "2025-07-14T02:57:48.718Z", "user": 2, "content_type": 10, "object_id": "15", "object_repr": "750.000,00", "action_flag": 1, "change_message": "[{\"added\": {}}]"}}, {"model": "admin.logentry", "pk": 21, "fields": {"action_time": "2025-07-14T02:59:09.575Z", "user": 2, "content_type": 7, "object_id": "4", "object_repr": "Uma empresa tomou um empréstimo de R$ 50.000,00\r\ne", "action_flag": 1, "change_message": "[{\"added\": {}}]"}}, {"model": "admin.logentry", "pk": 22, "fields": {"action_time": "2025-07-14T02:59:46.253Z", "user": 2, "content_type": 10, "object_id": "16", "object_repr": "6.700,00", "action_flag": 1, "change_message": "[{\"added\": {}}]"}}, {"model": "admin.logentry", "pk": 23, "fields": {"action_time": "2025-07-14T03:00:01.039Z", "user": 2, "content_type": 10, "object_id": "17", "object_repr": "7.201,00", "action_flag": 1, "change_message": "[{\"added\": {}}]"}}, {"model": "admin.logentry", "pk": 24, "fields": {"action_time": "2025-07-14T03:00:12.475Z", "user": 2, "content_type": 10, "object_id": "18", "object_repr": "3.625,00", "action_flag": 1, "change_message": "[{\"added\": {}}]"}}, {"model": "admin.logentry", "pk": 25, "fields": {"action_time": "2025-07-14T03:00:24.116Z", "user": 2, "content_type": 10, "object_id": "19", "object_repr": "3.806,00", "action_flag": 1, "change_message": "[{\"added\": {}}]"}}, {"model": "admin.logentry", "pk": 26, "fields": {"action_time": "2025-07-14T03:00:42.892Z", "user": 2, "content_type": 10, "object_id": "20", "object_repr": "6.381,00", "action_flag": 1, "change_message": "[{\"added\": {}}]"}}, {"model": "admin.logentry", "pk": 27, "fields": {"action_time": "2025-07-14T03:01:28.733Z", "user": 2, "content_type": 7, "object_id": "5", "object_repr": "A empresa XYZ planeja comprar um equipamento em ja", "action_flag": 1, "change_message": "[{\"added\": {}}]"}}, {"model": "admin.logentry", "pk": 28, "fields": {"action_time": "2025-07-14T03:02:14.854Z", "user": 2, "content_type": 10, "object_id": "21", "object_repr": "39.670,00", "action_flag": 1, "change_message": "[{\"added\": {}}]"}}, {"model": "admin.logentry", "pk": 29, "fields": {"action_time": "2025-07-14T03:02:31.948Z", "user": 2, "content_type": 10, "object_id": "22", "object_repr": "48.750,00", "action_flag": 1, "change_message": "[{\"added\": {}}]"}}, {"model": "admin.logentry", "pk": 30, "fields": {"action_time": "2025-07-14T03:02:50.383Z", "user": 2, "content_type": 10, "object_id": "23", "object_repr": "20.000,00", "action_flag": 1, "change_message": "[{\"added\": {}}]"}}, {"model": "admin.logentry", "pk": 31, "fields": {"action_time": "2025-07-14T03:03:04.471Z", "user": 2, "content_type": 10, "object_id": "24", "object_repr": "54.280,00", "action_flag": 1, "change_message": "[{\"added\": {}}]"}}, {"model": "admin.logentry", "pk": 32, "fields": {"action_time": "2025-07-14T03:03:21.864Z", "user": 2, "content_type": 10, "object_id": "25", "object_repr": "63.000,00", "action_flag": 1, "change_message": "[{\"added\": {}}]"}}, {"model": "admin.logentry", "pk": 33, "fields": {"action_time": "2025-07-14T03:07:47.494Z", "user": 2, "content_type": 7, "object_id": "6", "object_repr": "Sabe-se que R$ 1.200,00 foram capitalizados a part", "action_flag": 1, "change_message": "[{\"added\": {}}]"}}, {"model": "admin.logentry", "pk": 34, "fields": {"action_time": "2025-07-14T03:08:34.777Z", "user": 2, "content_type": 10, "object_id": "26", "object_repr": "20", "action_flag": 1, "change_message": "[{\"added\": {}}]"}}, {"model": "admin.logentry", "pk": 35, "fields": {"action_time": "2025-07-14T03:08:46.901Z", "user": 2, "content_type": 10, "object_id": "27", "object_repr": "58", "action_flag": 1, "change_message": "[{\"added\": {}}]"}}, {"model": "admin.logentry", "pk": 36, "fields": {"action_time": "2025-07-14T03:08:54.353Z", "user": 2, "content_type": 10, "object_id": "28", "object_repr": "36", "action_flag": 1, "change_message": "[{\"added\": {}}]"}}, {"model": "admin.logentry", "pk": 37, "fields": {"action_time": "2025-07-14T03:09:03.846Z", "user": 2, "content_type": 10, "object_id": "29", "object_repr": "13", "action_flag": 1, "change_message": "[{\"added\": {}}]"}}, {"model": "admin.logentry", "pk": 38, "fields": {"action_time": "2025-07-14T03:09:09.571Z", "user": 2, "content_type": 10, "object_id": "30", "object_repr": "3", "action_flag": 1, "change_message": "[{\"added\": {}}]"}}, {"model": "admin.logentry", "pk": 39, "fields": {"action_time": "2025-07-14T03:10:13.331Z", "user": 2, "content_type": 7, "object_id": "7", "object_repr": "Uma sequência numérica possui termo geral represen", "action_flag": 1, "change_message": "[{\"added\": {}}]"}}, {"model": "admin.logentry", "pk": 40, "fields": {"action_time": "2025-07-14T03:11:43.591Z", "user": 2, "content_type": 10, "object_id": "31", "object_repr": "31", "action_flag": 1, "change_message": "[{\"added\": {}}]"}}, {"model": "admin.logentry", "pk": 41, "fields": {"action_time": "2025-07-14T03:12:53.322Z", "user": 2, "content_type": 10, "object_id": "32", "object_repr": "- 50", "action_flag": 1, "change_message": "[{\"added\": {}}]"}}, {"model": "admin.logentry", "pk": 42, "fields": {"action_time": "2025-07-14T03:13:03.924Z", "user": 2, "content_type": 10, "object_id": "33", "object_repr": "-7", "action_flag": 1, "change_message": "[{\"added\": {}}]"}}, {"model": "admin.logentry", "pk": 43, "fields": {"action_time": "2025-07-14T03:13:11.544Z", "user": 2, "content_type": 10, "object_id": "34", "object_repr": "7", "action_flag": 1, "change_message": "[{\"added\": {}}]"}}, {"model": "admin.logentry", "pk": 44, "fields": {"action_time": "2025-07-14T03:13:21.471Z", "user": 2, "content_type": 10, "object_id": "35", "object_repr": "-31", "action_flag": 1, "change_message": "[{\"added\": {}}]"}}, {"model": "admin.logentry", "pk": 45, "fields": {"action_time": "2025-07-14T03:15:56.638Z", "user": 2, "content_type": 7, "object_id": "8", "object_repr": "Uma empresa comprou um equipamento, em junho de\r\n2", "action_flag": 1, "change_message": "[{\"added\": {}}]"}}, {"model": "admin.logentry", "pk": 46, "fields": {"action_time": "2025-07-14T03:16:56.344Z", "user": 2, "content_type": 10, "object_id": "36", "object_repr": "172.405,00", "action_flag": 1, "change_message": "[{\"added\": {}}]"}}, {"model": "admin.logentry", "pk": 47, "fields": {"action_time": "2025-07-14T03:17:08.802Z", "user": 2, "content_type": 10, "object_id": "37", "object_repr": "183.220,00", "action_flag": 1, "change_message": "[{\"added\": {}}]"}}, {"model": "admin.logentry", "pk": 48, "fields": {"action_time": "2025-07-14T03:17:25.640Z", "user": 2, "content_type": 10, "object_id": "38", "object_repr": "185.220,00", "action_flag": 1, "change_message": "[{\"added\": {}}]"}}, {"model": "admin.logentry", "pk": 49, "fields": {"action_time": "2025-07-14T03:17:37.953Z", "user": 2, "content_type": 10, "object_id": "39", "object_repr": "170.305,00", "action_flag": 1, "change_message": "[{\"added\": {}}]"}}, {"model": "admin.logentry", "pk": 50, "fields": {"action_time": "2025-07-14T03:17:53.544Z", "user": 2, "content_type": 10, "object_id": "40", "object_repr": "168.320,00", "action_flag": 1, "change_message": "[{\"added\": {}}]"}}, {"model": "admin.logentry", "pk": 51, "fields": {"action_time": "2025-07-14T03:18:51.680Z", "user": 2, "content_type": 7, "object_id": "9", "object_repr": "Uma empresa tem duas promissórias a receber, no va", "action_flag": 1, "change_message": "[{\"added\": {}}]"}}, {"model": "admin.logentry", "pk": 52, "fields": {"action_time": "2025-07-14T03:20:18.945Z", "user": 2, "content_type": 10, "object_id": "41", "object_repr": "3,54%", "action_flag": 1, "change_message": "[{\"added\": {}}]"}}, {"model": "admin.logentry", "pk": 53, "fields": {"action_time": "2025-07-14T03:20:36.873Z", "user": 2, "content_type": 10, "object_id": "42", "object_repr": "3,68%", "action_flag": 1, "change_message": "[{\"added\": {}}]"}}, {"model": "admin.logentry", "pk": 54, "fields": {"action_time": "2025-07-14T03:20:49.449Z", "user": 2, "content_type": 10, "object_id": "43", "object_repr": "3,82%", "action_flag": 1, "change_message": "[{\"added\": {}}]"}}, {"model": "admin.logentry", "pk": 55, "fields": {"action_time": "2025-07-14T03:21:05.535Z", "user": 2, "content_type": 10, "object_id": "44", "object_repr": "4,32%", "action_flag": 1, "change_message": "[{\"added\": {}}]"}}, {"model": "admin.logentry", "pk": 56, "fields": {"action_time": "2025-07-14T03:21:19.634Z", "user": 2, "content_type": 10, "object_id": "45", "object_repr": "4,64%", "action_flag": 1, "change_message": "[{\"added\": {}}]"}}, {"model": "admin.logentry", "pk": 57, "fields": {"action_time": "2025-07-14T03:25:09.987Z", "user": 2, "content_type": 7, "object_id": "10", "object_repr": "Em uma confraternização de final de ano, os funcio", "action_flag": 1, "change_message": "[{\"added\": {}}]"}}, {"model": "admin.logentry", "pk": 58, "fields": {"action_time": "2025-07-14T03:25:35.653Z", "user": 2, "content_type": 10, "object_id": "46", "object_repr": "3", "action_flag": 1, "change_message": "[{\"added\": {}}]"}}, {"model": "admin.logentry", "pk": 59, "fields": {"action_time": "2025-07-14T03:25:45.492Z", "user": 2, "content_type": 10, "object_id": "47", "object_repr": "4", "action_flag": 1, "change_message": "[{\"added\": {}}]"}}, {"model": "admin.logentry", "pk": 60, "fields": {"action_time": "2025-07-14T03:25:50.834Z", "user": 2, "content_type": 10, "object_id": "48", "object_repr": "2", "action_flag": 1, "change_message": "[{\"added\": {}}]"}}, {"model": "admin.logentry", "pk": 61, "fields": {"action_time": "2025-07-14T03:25:59.456Z", "user": 2, "content_type": 10, "object_id": "49", "object_repr": "1", "action_flag": 1, "change_message": "[{\"added\": {}}]"}}, {"model": "admin.logentry", "pk": 62, "fields": {"action_time": "2025-07-14T03:26:03.865Z", "user": 2, "content_type": 10, "object_id": "50", "object_repr": "0", "action_flag": 1, "change_message": "[{\"added\": {}}]"}}, {"model": "admin.logentry", "pk": 63, "fields": {"action_time": "2025-07-14T03:32:07.010Z", "user": 2, "content_type": 11, "object_id": "1", "object_repr": "Simulado sobre: Matemática Financeira", "action_flag": 1, "change_message": "[{\"added\": {}}]"}}, {"model": "admin.logentry", "pk": 64, "fields": {"action_time": "2025-07-14T03:32:36.133Z", "user": 2, "content_type": 9, "object_id": "1", "object_repr": "A empresa XYZ planeja comprar um equipamento em ja - 4", "action_flag": 1, "change_message": "[{\"added\": {}}]"}}, {"model": "admin.logentry", "pk": 65, "fields": {"action_time": "2025-07-14T03:32:51.639Z", "user": 2, "content_type": 9, "object_id": "2", "object_repr": "Em uma confraternização de final de ano, os funcio - 5", "action_flag": 1, "change_message": "[{\"added\": {}}]"}}, {"model": "admin.logentry", "pk": 66, "fields": {"action_time": "2025-07-14T03:33:00.600Z", "user": 2, "content_type": 9, "object_id": "3", "object_repr": "O capital de um cliente do segmento ultra-especial - 4", "action_flag": 1, "change_message": "[{\"added\": {}}]"}}, {"model": "admin.logentry", "pk": 67, "fields": {"action_time": "2025-07-14T03:33:18.063Z", "user": 2, "content_type": 9, "object_id": "4", "object_repr": "Sabe-se que R$ 1.200,00 foram capitalizados a part - 3", "action_flag": 1, "change_message": "[{\"added\": {}}]"}}, {"model": "admin.logentry", "pk": 68, "fields": {"action_time": "2025-07-14T03:33:29.267Z", "user": 2, "content_type": 9, "object_id": "5", "object_repr": "Um banco oferece para um cliente um investimento q - 7", "action_flag": 1, "change_message": "[{\"added\": {}}]"}}, {"model": "admin.logentry", "pk": 69, "fields": {"action_time": "2025-07-14T03:33:41.272Z", "user": 2, "content_type": 9, "object_id": "6", "object_repr": "Um cliente tem duas opções para investir R$ 100.00 - 5", "action_flag": 1, "change_message": "[{\"added\": {}}]"}}, {"model": "admin.logentry", "pk": 70, "fields": {"action_time": "2025-07-14T03:33:51.347Z", "user": 2, "content_type": 9, "object_id": "7", "object_repr": "Uma empresa comprou um equipamento, em junho de\r\n2 - 6", "action_flag": 1, "change_message": "[{\"added\": {}}]"}}, {"model": "admin.logentry", "pk": 71, "fields": {"action_time": "2025-07-14T03:34:20.195Z", "user": 2, "content_type": 9, "object_id": "8", "object_repr": "Uma empresa tem duas promissórias a receber, no va - 5", "action_flag": 1, "change_message": "[{\"added\": {}}]"}}, {"model": "admin.logentry", "pk": 72, "fields": {"action_time": "2025-07-14T03:34:38.976Z", "user": 2, "content_type": 9, "object_id": "9", "object_repr": "Uma empresa tomou um empréstimo de R$ 50.000,00\r\ne - 4", "action_flag": 1, "change_message": "[{\"added\": {}}]"}}, {"model": "admin.logentry", "pk": 73, "fields": {"action_time": "2025-07-14T03:34:50.014Z", "user": 2, "content_type": 9, "object_id": "10", "object_repr": "Uma sequência numérica possui termo geral represen - 6", "action_flag": 1, "change_message": "[{\"added\": {}}]"}}, {"model": "admin.logentry", "pk": 74, "fields": {"action_time": "2025-08-03T19:01:05.714Z", "user": 1, "content_type": 8, "object_id": "5", "object_repr": "pedrinho111", "action_flag": 3, "change_message": ""}}, {"model": "admin.logentry", "pk": 75, "fields": {"action_time": "2025-08-03T20:12:42.341Z", "user": 1, "content_type": 7, "object_id": "5", "object_repr": "A empresa XYZ planeja comprar um equipamento em ja", "action_flag": 2, "change_message": "[{\"changed\": {\"fields\": [\"Assunto\"]}}]"}}, {"model": "admin.logentry", "pk": 76, "fields": {"action_time": "2025-08-03T20:13:03.435Z", "user": 1, "content_type": 7, "object_id": "10", "object_repr": "Em uma confraternização de final de ano, os funcio", "action_flag": 2, "change_message": "[{\"changed\": {\"fields\": [\"Assunto\"]}}]"}}, {"model": "admin.logentry", "pk": 77, "fields": {"action_time": "2025-08-03T20:13:14.669Z", "user": 1, "content_type": 7, "object_id": "3", "object_repr": "O capital de um cliente do segmento ultra-especial", "action_flag": 2, "change_message": "[{\"changed\": {\"fields\": [\"Assunto\"]}}]"}}, {"model": "admin.logentry", "pk": 78, "fields": {"action_time": "2025-08-03T20:14:04.247Z", "user": 1, "content_type": 7, "object_id": "6", "object_repr": "Sabe-se que R$ 1.200,00 foram capitalizados a part", "action_flag": 2, "change_message": "[{\"changed\": {\"fields\": [\"Assunto\"]}}]"}}, {"model": "admin.logentry", "pk": 79, "fields": {"action_time": "2025-08-03T20:14:40.086Z", "user": 1, "content_type": 7, "object_id": "2", "object_repr": "Um banco oferece para um cliente um investimento q", "action_flag": 2, "change_message": "[{\"changed\": {\"fields\": [\"Assunto\"]}}]"}}, {"model": "admin.logentry", "pk": 80, "fields": {"action_time": "2025-08-03T20:14:50.012Z", "user": 1, "content_type": 7, "object_id": "1", "object_repr": "Um cliente tem duas opções para investir R$ 100.00", "action_flag": 2, "change_message": "[{\"changed\": {\"fields\": [\"Assunto\"]}}]"}}, {"model": "admin.logentry", "pk": 81, "fields": {"action_time": "2025-08-03T20:15:14.516Z", "user": 1, "content_type": 7, "object_id": "8", "object_repr": "Uma empresa comprou um equipamento, em junho de\r\n2", "action_flag": 2, "change_message": "[{\"changed\": {\"fields\": [\"Assunto\"]}}]"}}, {"model": "admin.logentry", "pk": 82, "fields": {"action_time": "2025-08-03T20:15:24.597Z", "user": 1, "content_type": 7, "object_id": "9", "object_repr": "Uma empresa tem duas promissórias a receber, no va", "action_flag": 2, "change_message": "[{\"changed\": {\"fields\": [\"Assunto\"]}}]"}}, {"model": "admin.logentry", "pk": 83, "fields": {"action_time": "2025-08-03T20:15:39.111Z", "user": 1, "content_type": 7, "object_id": "4", "object_repr": "Uma empresa tomou um empréstimo de R$ 50.000,00\r\ne", "action_flag": 2, "change_message": "[{\"changed\": {\"fields\": [\"Assunto\"]}}]"}}, {"model": "admin.logentry", "pk": 84, "fields": {"action_time": "2025-08-03T20:16:05.374Z", "user": 1, "content_type": 7, "object_id": "7", "object_repr": "Uma sequência numérica possui termo geral represen", "action_flag": 2, "change_message": "[{\"changed\": {\"fields\": [\"Assunto\"]}}]"}}, {"model": "admin.logentry", "pk": 85, "fields": {"action_time": "2025-08-04T03:19:31.014Z", "user": 7, "content_type": 4, "object_id": "6", "object_repr": "fonsecaplx", "action_flag": 3, "change_message": ""}}, {"model": "auth.permission", "pk": 1, "fields": {"name": "Can add log entry", "content_type": 1, "codename": "add_logentry"}}, {"model": "auth.permission", "pk": 2, "fields": {"name": "Can change log entry", "content_type": 1, "codename": "change_logentry"}}, {"model": "auth.permission", "pk": 3, "fields": {"name": "Can delete log entry", "content_type": 1, "codename": "delete_logentry"}}, {"model": "auth.permission", "pk": 4, "fields": {"name": "Can view log entry", "content_type": 1, "codename": "view_logentry"}}, {"model": "auth.permission", "pk": 5, "fields": {"name": "Can add permission", "content_type": 2, "codename": "add_permission"}}, {"model": "auth.permission", "pk": 6, "fields": {"name": "Can change permission", "content_type": 2, "codename": "change_permission"}}, {"model": "auth.permission", "pk": 7, "fields": {"name": "Can delete permission", "content_type": 2, "codename": "delete_permission"}}, {"model": "auth.permission", "pk": 8, "fields": {"name": "Can view permission", "content_type": 2, "codename": "view_permission"}}, {"model": "auth.permission", "pk": 9, "fields": {"name": "Can add group", "content_type": 3, "codename": "add_group"}}, {"model": "auth.permission", "pk": 10, "fields": {"name": "Can change group", "content_type": 3, "codename": "change_group"}}, {"model": "auth.permission", "pk": 11, "fields": {"name": "Can delete group", "content_type": 3, "codename": "delete_group"}}, {"model": "auth.permission", "pk": 12, "fields": {"name": "Can view group", "content_type": 3, "codename": "view_group"}}, {"model": "auth.permission", "pk": 13, "fields": {"name": "Can add user", "content_type": 4, "codename": "add_user"}}, {"model": "auth.permission", "pk": 14, "fields": {"name": "Can change user", "content_type": 4, "codename": "change_user"}}, {"model": "auth.permission", "pk": 15, "fields": {"name": "Can delete user", "content_type": 4, "codename": "delete_user"}}, {"model": "auth.permission", "pk": 16, "fields": {"name": "Can view user", "content_type": 4, "codename": "view_user"}}, {"model": "auth.permission", "pk": 17, "fields": {"name": "Can add content type", "content_type": 5, "codename": "add_contenttype"}}, {"model": "auth.permission", "pk": 18, "fields": {"name": "Can change content type", "content_type": 5, "codename": "change_contenttype"}}, {"model": "auth.permission", "pk": 19, "fields": {"name": "Can delete content type", "content_type": 5, "codename": "delete_contenttype"}}, {"model": "auth.permission", "pk": 20, "fields": {"name": "Can view content type", "content_type": 5, "codename": "view_contenttype"}}, {"model": "auth.permission", "pk": 21, "fields": {"name": "Can add session", "content_type": 6, "codename": "add_session"}}, {"model": "auth.permission", "pk": 22, "fields": {"name": "Can change session", "content_type": 6, "codename": "change_session"}}, {"model": "auth.permission", "pk": 23, "fields": {"name": "Can delete session", "content_type": 6, "codename": "delete_session"}}, {"model": "auth.permission", "pk": 24, "fields": {"name": "Can view session", "content_type": 6, "codename": "view_session"}}, {"model": "auth.permission", "pk": 25, "fields": {"name": "Can add Questão", "content_type": 7, "codename": "add_questao"}}, {"model": "auth.permission", "pk": 26, "fields": {"name": "Can change Questão", "content_type": 7, "codename": "change_questao"}}, {"model": "auth.permission", "pk": 27, "fields": {"name": "Can delete Questão", "content_type": 7, "codename": "delete_questao"}}, {"model": "auth.permission", "pk": 28, "fields": {"name": "Can view Questão", "content_type": 7, "codename": "view_questao"}}, {"model": "auth.permission", "pk": 29, "fields": {"name": "Can add Usuário", "content_type": 8, "codename": "add_usuario"}}, {"model": "auth.permission", "pk": 30, "fields": {"name": "Can change Usuário", "content_type": 8, "codename": "change_usuario"}}, {"model": "auth.permission", "pk": 31, "fields": {"name": "Can delete Usuário", "content_type": 8, "codename": "delete_usuario"}}, {"model": "auth.permission", "pk": 32, "fields": {"name": "Can view Usuário", "content_type": 8, "codename": "view_usuario"}}, {"model": "auth.permission", "pk": 33, "fields": {"name": "Can add Peso", "content_type": 9, "codename": "add_peso"}}, {"model": "auth.permission", "pk": 34, "fields": {"name": "Can change Peso", "content_type": 9, "codename": "change_peso"}}, {"model": "auth.permission", "pk": 35, "fields": {"name": "Can delete Peso", "content_type": 9, "codename": "delete_peso"}}, {"model": "auth.permission", "pk": 36, "fields": {"name": "Can view Peso", "content_type": 9, "codename": "view_peso"}}, {"model": "auth.permission", "pk": 37, "fields": {"name": "Can add Alternativa", "content_type": 10, "codename": "add_alternativa"}}, {"model": "auth.permission", "pk": 38, "fields": {"name": "Can change Alternativa", "content_type": 10, "codename": "change_alternativa"}}, {"model": "auth.permission", "pk": 39, "fields": {"name": "Can delete Alternativa", "content_type": 10, "codename": "delete_alternativa"}}, {"model": "auth.permission", "pk": 40, "fields": {"name": "Can view Alternativa", "content_type": 10, "codename": "view_alternativa"}}, {"model": "auth.permission", "pk": 41, "fields": {"name": "Can add Simulado", "content_type": 11, "codename": "add_simulado"}}, {"model": "auth.permission", "pk": 42, "fields": {"name": "Can change Simulado", "content_type": 11, "codename": "change_simulado"}}, {"model": "auth.permission", "pk": 43, "fields": {"name": "Can delete Simulado", "content_type": 11, "codename": "delete_simulado"}}, {"model": "auth.permission", "pk": 44, "fields": {"name": "Can view Simulado", "content_type": 11, "codename": "view_simulado"}}, {"model": "auth.user", "pk": 1, "fields": {"password": "pbkdf2_sha256$1000000$u7las4zCoqWL2fMzD1LwVl$Dk+5wweD8qJW7Uy14967ob00ReS/Rz6YHa+CMoSV3yg=", "last_login": "2025-08-04T02:28:50.278Z", "is_superuser": true, "username": "admin", "first_name": "", "last_name": "", "email": "", "is_staff": true, "is_active": true, "date_joined": "2025-07-03T21:04:14.631Z", "groups": [], "user_permissions": []}}, {"model": "auth.user", "pk": 2, "fields": {"password": "pbkdf2_sha256$1000000$2k8ijFtqlcNbrQHVUEKJb3$TS0da5q9xJHyr0r0gPX0xsEGOX78g5RgSTRJoREl4Nw=", "last_login": "2025-07-14T02:23:41.437Z", "is_superuser": true, "username": "adm", "first_name": "", "last_name": "", "email": "", "is_staff": true, "is_active": true, "date_joined": "2025-07-14T02:22:57.371Z", "groups": [], "user_permissions": []}}, {"model": "auth.user", "pk": 3, "fields": {"password": "Cc@1234567", "last_login": null, "is_superuser": false, "username": "fulano", "first_name": "", "last_name": "", "email": "", "is_staff": false, "is_active": true, "date_joined": "2025-07-14T02:25:22Z", "groups": [], "user_permissions": []}}, {"model": "auth.user", "pk": 4, "fields": {"password": "lL!123456", "last_login": null, "is_superuser": false, "username": "ciclano", "first_name": "", "last_name": "", "email": "", "is_staff": false, "is_active": true, "date_joined": "2025-07-14T02:27:01Z", "groups": [], "user_permissions": []}}, {"model": "auth.user", "pk": 7, "fields": {"password": "pbkdf2_sha256$1000000$UguZYFt2KZXmZgVnlZHMjk$7LdXS8d7br6WwDK0f1BYNYhLooz4Lq6zoqfayKgT2VI=", "last_login": "2025-08-04T03:18:56.405Z", "is_superuser": true, "username": "professor", "first_name": "", "last_name": "", "email": "", "is_staff": true, "is_active": true, "date_joined": "2025-08-04T03:16:12.656Z", "groups": [], "user_permissions": []}}, {"model": "contenttypes.contenttype", "pk": 1, "fields": {"app_label": "admin", "model": "logentry"}}, {"model": "contenttypes.contenttype", "pk": 2, "fields": {"app_label": "auth", "model": "permission"}}, {"model": "contenttypes.contenttype", "pk": 3, "fields": {"app_label": "auth", "model": "group"}}, {"model": "contenttypes.contenttype", "pk": 4, "fields": {"app_label": "auth", "model": "user"}}, {"model": "contenttypes.contenttype", "pk": 5, "fields": {"app_label": "contenttypes", "model": "contenttype"}}, {"model": "contenttypes.contenttype", "pk": 6, "fields": {"app_label": "sessions", "model": "session"}}, {"model": "contenttypes.contenttype", "pk": 7, "fields": {"app_label": "simulado", "model": "questao"}}, {"model": "contenttypes.contenttype", "pk": 8, "fields": {"app_label": "simulado", "model": "usuario"}}, {"model": "contenttypes.contenttype", "pk": 9, "fields": {"app_label": "simulado", "model": "peso"}}, {"model": "contenttypes.contenttype", "pk": 10, "fields": {"app_label": "simulado", "model": "alternativa"}}, {"model": "contenttypes.contenttype", "pk": 11, "fields": {"app_label": "simulado", "model": "simulado"}}, {"model": "sessions.session", "pk": "7mdqwyb1g2hywgkhaz88a1yon7ne42vo", "fields": {"session_data": ".eJxVjEEOwiAQRe_C2hBghA4u3fcMBGZAqoYmpV0Z765NutDtf-_9lwhxW2vYel7CxOIijDj9binSI7cd8D222yxpbusyJbkr8qBdjjPn5_Vw_w5q7PVbI4KNwI5SNioZVKjOhmhA4wGoeJUTDoWLQ5c0W9KOsgZgDaicL1a8P9bRN3s:1ub8qz:bbDY1Qffih5f9U4mjQR52KOv2A4F0y_UqDTHjqqQghA", "expire_date": "2025-07-28T02:23:41.441Z"}}, {"model": "simulado.usuario", "pk": 3, "fields": {"nome": "Fulano"}}, {"model": "simulado.usuario", "pk": 4, "fields": {"nome": "Ciclano"}}, {"model": "simulado.questao", "pk": 1, "fields": {"assunto": "Matemática Financeira", "enunciado": "Um cliente tem duas opções para investir R$ 100.000,00\r\nem um prazo de 2 anos. A primeira opção oferece um retorno de 12% ao ano no regime de juros compostos, mas\r\nhá cobrança de 15% de imposto sobre os juros proporcionados pelo investimento. Já a segunda opção oferece\r\num retorno de 10% ao ano no regime de juros compostos,\r\nmas sem qualquer cobrança de imposto.\r\nAo escolher a opção mais lucrativa, ao final de exatos dois\r\nanos de investimento, esse cliente receberá a mais, em\r\nrelação à opção menos lucrativa, uma quantia, em R$,\r\nigual a", "usuario": 4}}, {"model": "simulado.questao", "pk": 2, "fields": {"assunto": "Matemática Financeira", "enunciado": "Um banco oferece para um cliente um investimento que\r\nlhe proporcionará uma taxa de juros de 1% ao mês, no\r\nregime de juros compostos. Esse mesmo banco também\r\ndisponibiliza, para o mesmo cliente, uma linha de crédito de fácil acesso chamada cheque especial, cobrando\r\numa taxa de juros de 4% ao mês, no regime de juros\r\ncompostos.\r\nPara esse cliente, a diferença entre a taxa anual da operação financeira disponível no cheque especial e a taxa\r\nanual da operação financeira disponível no investimento\r\noferecido é", "usuario": 3}}, {"model": "simulado.questao", "pk": 3, "fields": {"assunto": "Matemática Financeira", "enunciado": "O capital de um cliente do segmento ultra-especial ficou\r\naplicado durante 50 dias a uma taxa de juros simples de\r\n1,5% ao mês. Ao final desse prazo, o cliente resgatou\r\ntudo e pagou R$ 4.500,00, referentes a 22,5% de imposto de renda sobre os juros proporcionados pelo investimento.\r\nConsiderando-se o mês com 30 dias, o valor aplicado\r\nnessa operação, em R$, foi", "usuario": 4}}, {"model": "simulado.questao", "pk": 4, "fields": {"assunto": "Matemática Financeira", "enunciado": "Uma empresa tomou um empréstimo de R$ 50.000,00\r\nem janeiro de 2022, a uma taxa de juros compostos de\r\n5% ao mês. Para amortizar parte da dívida, a empresa\r\npagou R$ 30.000,00 em março de 2022, e R$ 20.000,00\r\nem abril de 2022.\r\nNo que se refere a esse empréstimo, o valor, em R$, do\r\nsaldo devedor dessa empresa, em maio de 2022, era,\r\naproximadamente,", "usuario": 3}}, {"model": "simulado.questao", "pk": 5, "fields": {"assunto": "Matemática Financeira", "enunciado": "A empresa XYZ planeja comprar um equipamento em janeiro de 2023, cujo preço à vista é R$ 300.000,00, pagando com uma entrada e mais duas parcelas. A entrada, correspondente à primeira parcela, será paga em janeiro de\r\n2023 (no ato da compra); a segunda parcela, em janeiro\r\nde 2024, no valor de R$ 150.000,00; e a terceira parcela,\r\nem janeiro de 2025, também no valor de R$ 150.000,00.\r\nConsiderando-se a equivalência financeira a juros compostos, se a taxa de juros cobrada pelo vendedor é de\r\n10% ao ano, o valor da entrada (primeira parcela no ato\r\nda compra), em R$, será, aproximadamente,", "usuario": 3}}, {"model": "simulado.questao", "pk": 6, "fields": {"assunto": "Matemática Financeira", "enunciado": "Sabe-se que R$ 1.200,00 foram capitalizados a partir de\r\numa taxa constante de juros simples mensais de 3%, durante n meses. Ao final do enésimo mês, o montante obtido foi de R$ 1.920,00.\r\nQual é o valor de n?", "usuario": 4}}, {"model": "simulado.questao", "pk": 7, "fields": {"assunto": "Matemática Financeira", "enunciado": "Uma sequência numérica possui termo geral representado por an\r\n, onde n indica um número natural. Sabe-se que\r\na1 = 3, a2 = -2 e an = an-2- an-1, para todo n ≥ 3.\r\nO termo a7 dessa sequência é", "usuario": 3}}, {"model": "simulado.questao", "pk": 8, "fields": {"assunto": "Matemática Financeira", "enunciado": "Uma empresa comprou um equipamento, em junho de\r\n2023, em 12 prestações mensais e iguais de R$ 46.305,00,\r\nno sistema PRICE, a uma taxa de juro de 5% ao mês, com\r\na primeira prestação com vencimento para julho de 2023,\r\nvencendo sempre no mesmo dia de cada mês. Na data de\r\nvencimento da prestação de março de 2024, a empresa\r\nresolveu quitar as parcelas de março, abril, maio e junho,\r\ndesse mesmo ano.\r\nConsiderando-se o desconto racional composto, o valor,\r\nem reais, de quitação da dívida relativa a essas 4 parcelas, em março de 2024, é igual a", "usuario": 3}}, {"model": "simulado.questao", "pk": 9, "fields": {"assunto": "Matemática Financeira", "enunciado": "Uma empresa tem duas promissórias a receber, no valor de R$ 50.000,00 cada uma. A primeira será paga\r\ndaqui a 30 dias e a outra daqui a 60 dias, contados a\r\npartir de hoje. O Banco W ofereceu uma proposta de ficar com as promissórias e pagar hoje, para a empresa, a\r\nquantia de R$ 90.000,00. O Banco Y ofereceu pagar hoje\r\nR$ 95.000,00 pelas duas promissórias. Nos dois casos,\r\nos bancos receberão as promissórias dos devedores, em\r\nsuas respectivas datas.\r\nConsiderando-se juros compostos e apenas essas premissas, a diferença entre a maior e a menor taxa de juro\r\nmensal cobrada nessa situação é igual a", "usuario": 4}}, {"model": "simulado.questao", "pk": 10, "fields": {"assunto": "Matemática Financeira", "enunciado": "Em uma confraternização de final de ano, os funcionários\r\nde um banco foram divididos em grupos de cinco funcionários, mas um único funcionário sobrou.\r\nEm uma nova tentativa, mas agora com exatamente a metade do número de funcionários, o número N (sendo N < 5)\r\nde funcionários que sobrou foi igual a", "usuario": 4}}, {"model": "simulado.alternativa", "pk": 1, "fields": {"texto": "624,00", "correta": true, "questao": 1}}, {"model": "simulado.alternativa", "pk": 2, "fields": {"texto": "4.440,00", "correta": false, "questao": 1}}, {"model": "simulado.alternativa", "pk": 3, "fields": {"texto": "824,00", "correta": false, "questao": 1}}, {"model": "simulado.alternativa", "pk": 4, "fields": {"texto": "2.940,00", "correta": false, "questao": 1}}, {"model": "simulado.alternativa", "pk": 5, "fields": {"texto": "1.524,00", "correta": false, "questao": 1}}, {"model": "simulado.alternativa", "pk": 6, "fields": {"texto": "47,42%", "correta": true, "questao": 2}}, {"model": "simulado.alternativa", "pk": 7, "fields": {"texto": "36,00%", "correta": false, "questao": 2}}, {"model": "simulado.alternativa", "pk": 8, "fields": {"texto": "12,68%", "correta": false, "questao": 2}}, {"model": "simulado.alternativa", "pk": 9, "fields": {"texto": "48,68%", "correta": false, "questao": 2}}, {"model": "simulado.alternativa", "pk": 10, "fields": {"texto": "60,10%", "correta": false, "questao": 2}}, {"model": "simulado.alternativa", "pk": 11, "fields": {"texto": "800.000,00", "correta": true, "questao": 3}}, {"model": "simulado.alternativa", "pk": 12, "fields": {"texto": "950.000,00", "correta": false, "questao": 3}}, {"model": "simulado.alternativa", "pk": 13, "fields": {"texto": "450.000,00", "correta": false, "questao": 3}}, {"model": "simulado.alternativa", "pk": 14, "fields": {"texto": "700.000,00", "correta": false, "questao": 3}}, {"model": "simulado.alternativa", "pk": 15, "fields": {"texto": "750.000,00", "correta": false, "questao": 3}}, {"model": "simulado.alternativa", "pk": 16, "fields": {"texto": "6.700,00", "correta": true, "questao": 4}}, {"model": "simulado.alternativa", "pk": 17, "fields": {"texto": "7.201,00", "correta": false, "questao": 4}}, {"model": "simulado.alternativa", "pk": 18, "fields": {"texto": "3.625,00", "correta": false, "questao": 4}}, {"model": "simulado.alternativa", "pk": 19, "fields": {"texto": "3.806,00", "correta": false, "questao": 4}}, {"model": "simulado.alternativa", "pk": 20, "fields": {"texto": "6.381,00", "correta": false, "questao": 4}}, {"model": "simulado.alternativa", "pk": 21, "fields": {"texto": "39.670,00", "correta": true, "questao": 5}}, {"model": "simulado.alternativa", "pk": 22, "fields": {"texto": "48.750,00", "correta": false, "questao": 5}}, {"model": "simulado.alternativa", "pk": 23, "fields": {"texto": "20.000,00", "correta": false, "questao": 5}}, {"model": "simulado.alternativa", "pk": 24, "fields": {"texto": "54.280,00", "correta": false, "questao": 5}}, {"model": "simulado.alternativa", "pk": 25, "fields": {"texto": "63.000,00", "correta": false, "questao": 5}}, {"model": "simulado.alternativa", "pk": 26, "fields": {"texto": "20", "correta": true, "questao": 6}}, {"model": "simulado.alternativa", "pk": 27, "fields": {"texto": "58", "correta": false, "questao": 6}}, {"model": "simulado.alternativa", "pk": 28, "fields": {"texto": "36", "correta": false, "questao": 6}}, {"model": "simulado.alternativa", "pk": 29, "fields": {"texto": "13", "correta": false, "questao": 6}}, {"model": "simulado.alternativa", "pk": 30, "fields": {"texto": "3", "correta": false, "questao": 6}}, {"model": "simulado.alternativa", "pk": 31, "fields": {"texto": "31", "correta": true, "questao": 7}}, {"model": "simulado.alternativa", "pk": 32, "fields": {"texto": "- 50", "correta": false, "questao": 7}}, {"model": "simulado.alternativa", "pk": 33, "fields": {"texto": "-7", "correta": false, "questao": 7}}, {"model": "simulado.alternativa", "pk": 34, "fields": {"texto": "7", "correta": false, "questao": 7}}, {"model": "simulado.alternativa", "pk": 35, "fields": {"texto": "-31", "correta": false, "questao": 7}}, {"model": "simulado.alternativa", "pk": 36, "fields": {"texto": "172.405,00", "correta": true, "questao": 8}}, {"model": "simulado.alternativa", "pk": 37, "fields": {"texto": "183.220,00", "correta": false, "questao": 8}}, {"model": "simulado.alternativa", "pk": 38, "fields": {"texto": "185.220,00", "correta": false, "questao": 8}}, {"model": "simulado.alternativa", "pk": 39, "fields": {"texto": "170.305,00", "correta": false, "questao": 8}}, {"model": "simulado.alternativa", "pk": 40, "fields": {"texto": "168.320,00", "correta": false, "questao": 8}}, {"model": "simulado.alternativa", "pk": 41, "fields": {"texto": "3,54%", "correta": true, "questao": 9}}, {"model": "simulado.alternativa", "pk": 42, "fields": {"texto": "3,68%", "correta": false, "questao": 9}}, {"model": "simulado.alternativa", "pk": 43, "fields": {"texto": "3,82%", "correta": false, "questao": 9}}, {"model": "simulado.alternativa", "pk": 44, "fields": {"texto": "4,32%", "correta": false, "questao": 9}}, {"model": "simulado.alternativa", "pk": 45, "fields": {"texto": "4,64%", "correta": false, "questao": 9}}, {"model": "simulado.alternativa", "pk": 46, "fields": {"texto": "3", "correta": true, "questao": 10}}, {"model": "simulado.alternativa", "pk": 47, "fields": {"texto": "4", "correta": false, "questao": 10}}, {"model": "simulado.alternativa", "pk": 48, "fields": {"texto": "2", "correta": false, "questao": 10}}, {"model": "simulado.alternativa", "pk": 49, "fields": {"texto": "1", "correta": false, "questao": 10}}, {"model": "simulado.alternativa", "pk": 50, "fields": {"texto": "0", "correta": false, "questao": 10}}, {"model": "simulado.simulado", "pk": 1, "fields": {"tema": "Matemática Financeira", "data_criacao": "2025-07-14T03:32:07.009Z", "usuario": 4}}, {"model": "simulado.peso", "pk": 1, "fields": {"valor": 4, "questao": 5, "simulado": 1}}, {"model": "simulado.peso", "pk": 2, "fields": {"valor": 5, "questao": 10, "simulado": 1}}, {"model": "simulado.peso", "pk": 3, "fields": {"valor": 4, "questao": 3, "simulado": 1}}, {"model": "simulado.peso", "pk": 4, "fields": {"valor": 3, "questao": 6, "simulado": 1}}, {"model": "simulado.peso", "pk": 5, "fields": {"valor": 7, "questao": 2, "simulado": 1}}, {"model": "simulado.peso", "pk": 6, "fields": {"valor": 5, "questao": 1, "simulado": 1}}, {"model": "simulado.peso", "pk": 7, "fields": {"valor": 6, "questao": 8, "simulado": 1}}, {"model": "simulado.peso", "pk": 8, "fields": {"valor": 5, "questao": 9, "simulado": 1}}, {"model": "simulado.peso", "pk": 9, "fields": {"valor": 4, "questao": 4, "simulado": 1}}, {"model": "simulado.peso", "pk": 10, "fields": {"valor": 6, "questao": 7, "simulado": 1}}]